estimate,stderr,tstat,variable
1.287186104015527,,,"income"
0.383060736621219,,,"income * ibu"
0.84613361249475,,,"age * ibu"
0.8762962732351667,,,"rc on ibu"
0.5096891648147968,,,"rc on abv"
-6.925133592242738,,,"constant"
1.4797886496772719,,,"ibu"
0.9265541778476506,,,"abv"
