estimate,stderr,tstat,variable
1.2462185616829373,0.22083604787549005,5.6431844966976135,"income"
0.36823043793344545,0.271380004627762,1.356881242737571,"income * ibu"
0.8175985468250406,0.27428129906778137,2.9808760189042007,"age * ibu"
0.8332082301398637,0.4786263323862354,1.740832406745838,"rc on ibu"
0.4223316179693587,0.1707800858514204,2.4729558827882863,"rc on abv"
-6.966758985057904,0.5991466344190428,-11.627802919752957,"constant"
1.5298093395069148,0.37865878894176647,4.040073502010229,"ibu"
0.8919489653785866,0.12239936894742265,7.287202320150265,"abv"
