estimate,stderr,tstat,variable
1.2969059817438005,,,"income"
0.43224046751693446,,,"income * ibu"
0.8978318446635503,,,"age * ibu"
0.964469908484775,,,"rc on ibu"
0.5011053554046744,,,"rc on abv"
-6.808768063437428,,,"constant"
1.4070110916743077,,,"ibu"
0.9347389403179297,,,"abv"
