estimate,stderr,tstat,variable
1.2463977186347983,0.22416964154910116,5.560064735000224,"income"
0.4026731242951147,0.26132447271321524,1.5408932814992014,"income * ibu"
0.85156856146336,0.2682581213739921,3.174437206604253,"age * ibu"
0.8927324978206439,0.4568481213718637,1.9541122225475467,"rc on ibu"
0.4044950058079267,0.1792787740106186,2.256234783176109,"rc on abv"
-6.884639859987118,0.5857481666842101,-11.753583282999468,"constant"
1.4814457702504698,0.369875741202757,4.005252589513235,"ibu"
0.8937849513642329,0.11820225055092967,7.561488442042216,"abv"
