estimate,stderr,tstat,variable
1.272379740932069,0.22693087769499656,5.606904418896199,"income"
0.3420715966514166,0.27492597837980587,1.2442316243350788,"income * ibu"
0.8026624155209933,0.27441176094972586,2.9250292069954194,"age * ibu"
0.7985743277526526,0.4844176180813694,1.648524533264422,"rc on ibu"
0.49024658237511265,0.2119067290102008,2.3135017215593616,"rc on abv"
-7.0091413294095055,0.6005727565124029,-11.670761374712397,"constant"
1.5443948366016456,0.3791823755455121,4.072960496594274,"ibu"
0.8995612646382618,0.129083421923322,6.968836518547039,"abv"
