estimate,stderr,tstat,variable
1.16650745538467,,,"income"
0.05736972464799074,,,"income * ibu"
0.650615639824676,,,"age * ibu"
6.158131967135767e-5,,,"rc on ibu"
0.1142904357906172,,,"rc on abv"
-7.6013902769092985,,,"constant"
1.8050500354621482,,,"ibu"
0.7413146356709405,,,"abv"
