estimate,stderr,tstat,variable
1.2786029298952906,0.23079152405974285,5.540077501131759,"income"
0.45516353613606486,0.2495479176658666,1.823952451270334,"income * ibu"
0.9145105541306701,0.26101521796625266,3.503667568719727,"age * ibu"
0.9979367830984621,0.4293591173912861,2.324247332074275,"rc on ibu"
0.43617183216446576,0.18011195313884465,2.421670658516649,"rc on abv"
-6.775125966158538,0.5479903287273213,-12.363586747768727,"constant"
1.4055053333680994,0.3510736493155682,4.003448666991062,"ibu"
0.9235027525151788,0.11838690408242511,7.800717145810349,"abv"
