estimate,stderr,tstat,variable
1.2558517259366881,0.22463463861957092,5.5906414685382995,"income"
0.41874005630239525,0.261310743511046,1.6024601617066483,"income * ibu"
0.8709097811292713,0.2683435394485852,3.2455030701275303,"age * ibu"
0.9249662010118402,0.45201509940813506,2.0463170416718017,"rc on ibu"
0.4159318652509191,0.17537575839760558,2.3716611067074242,"rc on abv"
-6.864823097925165,0.5723360914325798,-11.994391408625381,"constant"
1.4641457463546494,0.3629604442454375,4.033898926365043,"ibu"
0.9132842875843641,0.11992222115829365,7.615638526064797,"abv"
