estimate,stderr,tstat,variable
1.2885133646502864,0.23086239013057652,5.581304793394451,"income"
0.38618853624537985,0.26842801746122474,1.4387042749781735,"income * ibu"
0.8502170999697036,0.2711828700976526,3.1352168360174875,"age * ibu"
0.8819033888724731,0.4640173066012849,1.90058296603636,"rc on ibu"
0.5092096467505663,0.21345354362848085,2.3855759810521278,"rc on abv"
-6.904271940048578,0.5928183599145118,-11.64652177952825,"constant"
1.4719604323180007,0.3760786871408656,3.9139692905986374,"ibu"
0.9157780282673904,0.12877551189716213,7.111429919989095,"abv"
