estimate,stderr,tstat,variable
1.2683796821064872,0.22682964947371034,5.591771997397073,"income"
0.3481624514481667,0.2631404317668103,1.3231051158139817,"income * ibu"
0.805888586533996,0.2612498648845633,3.0847425964797663,"age * ibu"
0.8078236744774528,0.46056839522213494,1.7539711427394722,"rc on ibu"
0.48176314686154936,0.21177863580263004,2.27484299837749,"rc on abv"
-6.986659423283508,0.5877729872354941,-11.886663005974906,"constant"
1.5298143978123255,0.36928046985952856,4.1426896970594065,"ibu"
0.9060418254114414,0.12631138565963784,7.173081196756773,"abv"
