estimate,stderr,tstat,variable
1.2719988721194426,0.22866247202870682,5.562779326376534,"income"
0.3316967363478974,0.2908177083267572,1.1405658144283612,"income * ibu"
0.7923181097715364,0.2935712064232145,2.698895846854015,"age * ibu"
0.7738916262074604,0.5211477754217337,1.4849753998876734,"rc on ibu"
0.49497763323562716,0.20516169919996138,2.412622020415204,"rc on abv"
-12.92722775055707,3344.4514510155363,-0.0038652759473102056,"constant"
4.081184674610966,1429.7509357204347,0.0028544724627541543,"ibu"
1.357557658239343,365.3840290123411,0.0037154269219399584,"abv"
