estimate,stderr,tstat,variable
1.2611794078121479,0.22534489309500638,5.596662921845889,"income"
0.40557886169577206,0.2563066640060221,1.5823968653668823,"income * ibu"
0.8589747790397528,0.2626535754468944,3.2703715438795844,"age * ibu"
0.9053000593190461,0.4460461446372283,2.0296107705522966,"rc on ibu"
0.4310123548956056,0.1764640453595046,2.442493903035702,"rc on abv"
-6.880415034292196,0.5610480675454435,-12.26350366804338,"constant"
1.4826211912876974,0.3523132822023288,4.208246654851485,"ibu"
0.9139885936790628,0.12178339267763462,7.505034747212424,"abv"
