estimate,stderr,tstat,variable
1.2634436603362265,0.22849539201329272,5.529405425658324,"income"
0.4466343233439588,0.2509501565160509,1.7797730415656936,"income * ibu"
0.899291734419079,0.2597687319689636,3.4618936913720764,"age * ibu"
0.9735963155787613,0.43091042793811135,2.259393721886424,"rc on ibu"
0.4193353040615419,0.1855668470746107,2.259753348575999,"rc on abv"
-6.791201917302654,0.5589471283923726,-12.14998981537898,"constant"
1.4250983207721988,0.3526349181594081,4.041285327642979,"ibu"
0.9062810027642003,0.11326645840525232,8.001318444350467,"abv"
