estimate,stderr,tstat,variable
1.2719982912937204,0.22866212332625763,5.562785269333038,"income"
0.3316939880221826,0.29081712940011906,1.1405586345838086,"income * ibu"
0.7923152480677972,0.29357033977673963,2.698894066309128,"age * ibu"
0.7738865029638847,0.5211473858637882,1.484966679207626,"rc on ibu"
0.4949772238113911,0.20516106769459866,2.412627451072787,"rc on abv"
-12.927232749510127,3344.4472902136827,-0.0038652822507733954,"constant"
4.081188019462059,1429.7491482485138,0.0028544783708818,"ibu"
1.357556535119218,365.38348944449234,0.0037154293347604938,"abv"
