estimate,stderr,tstat,variable
1.2623815514760375,0.2266890912428648,5.568779443928235,"income"
0.4179374383475602,0.2624982696542851,1.5921531174205121,"income * ibu"
0.8718962635893376,0.2709995656124489,3.217334543023656,"age * ibu"
0.926034300213249,0.4566095056625828,2.028066189444495,"rc on ibu"
0.4287934316713692,0.17304073638361045,2.477991255890092,"rc on abv"
-6.847567144174633,0.5836423876316278,-11.732470583504893,"constant"
1.4553713165931716,0.37036825639889764,3.9295249834415977,"ibu"
0.9107711023439126,0.12066814013279056,7.547734649275647,"abv"
