estimate,stderr,tstat,variable
1.2613705915858207,0.22505412836686017,5.604743182180882,"income"
0.42212348347982775,0.25024242333799435,1.686858198738266,"income * ibu"
0.8761291544577137,0.25735850338062677,3.4043139937052738,"age * ibu"
0.9336095356272891,0.43187351170345123,2.1617661429264925,"rc on ibu"
0.42137969269252884,0.1745523367043291,2.414059305354909,"rc on abv"
-6.843271953393287,0.5551558366614052,-12.326758545037261,"constant"
1.4534970724274265,0.3510285700382293,4.140680265054013,"ibu"
0.9135198011839661,0.11739388891301088,7.781664017118355,"abv"
