estimate,stderr,tstat,variable
1.2966302687646538,,,"income"
0.4458635528974516,,,"income * ibu"
0.9100397548176117,,,"age * ibu"
0.9881108266021701,,,"rc on ibu"
0.4945286449138338,,,"rc on abv"
-6.794172773269227,,,"constant"
1.4028508944575657,,,"ibu"
0.946130477622477,,,"abv"
