estimate,stderr,tstat,variable
1.2850055279196264,0.23167185284784303,5.546662281686803,"income"
0.3897693570083873,0.26395024430606795,1.4766773868048542,"income * ibu"
0.853186718322682,0.2677064531505562,3.187023354430892,"age * ibu"
0.8872660259674762,0.4560486749102518,1.945551154472899,"rc on ibu"
0.49720460471622113,0.22243740657963607,2.2352562564076384,"rc on abv"
-6.920410398276093,0.5716496770110182,-12.10603395152921,"constant"
1.484720768251757,0.3627217330009005,4.09327766485961,"ibu"
0.9186103638697048,0.12839839095406674,7.154375978109637,"abv"
