estimate,stderr,tstat,variable
1.1698902636498507,,,"income"
0.05838232655272609,,,"income * ibu"
0.6525544900659731,,,"age * ibu"
0.05838800780855776,,,"rc on ibu"
0.11878299060857844,,,"rc on abv"
-7.597379848894011,,,"constant"
1.8026807236751379,,,"ibu"
0.7428347618140334,,,"abv"
