estimate,stderr,tstat,variable
1.1738520472036216,,,"income"
0.055009275370663364,,,"income * ibu"
0.6480842584559142,,,"age * ibu"
0.007402289509267417,,,"rc on ibu"
0.11466437503750747,,,"rc on abv"
-7.598606493238519,,,"constant"
1.8074399528661491,,,"ibu"
0.7417635676917419,,,"abv"
