estimate,stderr,tstat,variable
1.2362134243797211,0.20476826317446864,6.0371339054940885,"income"
0.05859706104898305,0.0770316004138626,0.7606886100530494,"income * ibu"
0.511702877776711,0.03119761093101437,16.401989207065007,"age * ibu"
6.049845584558446e-5,NaN,NaN,"rc on ibu"
0.39149054246117926,0.1359487584838892,2.879691928246431,"rc on abv"
-7.620290405335942,0.3306556046290309,-23.046004055746458,"constant"
1.950622762797771,0.1595108404478677,12.228778666834781,"ibu"
0.77753922380152,0.07898771078849062,9.843799953686162,"abv"
